"student_id","first_name","last_name","email","dept_id"
5001,"Rahul","Singh","rahul.s@university.edu",1
5011,"Alex","Smith","student.5011@university.edu",1
5012,"Ben","Jones","student.5012@university.edu",2
5013,"Casey","Williams","student.5013@university.edu",3
5014,"David","Brown","student.5014@university.edu",4
5015,"Emily","Davis","student.5015@university.edu",5
5016,"Frank","Miller","student.5016@university.edu",6
5017,"Gina","Wilson","student.5017@university.edu",7
5018,"Henry","Moore","student.5018@university.edu",8
5019,"Ivy","Taylor","student.5019@university.edu",9
5020,"Jack","Anderson","student.5020@university.edu",10
5021,"Alex","Smith","student.5021@university.edu",11
5022,"Ben","Jones","student.5022@university.edu",12
5023,"Casey","Williams","student.5023@university.edu",13
5024,"David","Brown","student.5024@university.edu",14
5025,"Emily","Davis","student.5025@university.edu",15
5026,"Frank","Miller","student.5026@university.edu",16
5027,"Gina","Wilson","student.5027@university.edu",17
5028,"Henry","Moore","student.5028@university.edu",18
5029,"Ivy","Taylor","student.5029@university.edu",19
5030,"Jack","Anderson","student.5030@university.edu",20
5031,"Alex","Smith","student.5031@university.edu",21
5032,"Ben","Jones","student.5032@university.edu",22
5033,"Casey","Williams","student.5033@university.edu",23
5034,"David","Brown","student.5034@university.edu",24
5035,"Emily","Davis","student.5035@university.edu",25
5036,"Frank","Miller","student.5036@university.edu",26
5037,"Gina","Wilson","student.5037@university.edu",27
5038,"Henry","Moore","student.5038@university.edu",28
5039,"Ivy","Taylor","student.5039@university.edu",29
5040,"Jack","Anderson","student.5040@university.edu",30
5041,"Alex","Smith","student.5041@university.edu",31
5042,"Ben","Jones","student.5042@university.edu",32
5043,"Casey","Williams","student.5043@university.edu",33
5044,"David","Brown","student.5044@university.edu",34
5045,"Emily","Davis","student.5045@university.edu",35
5046,"Frank","Miller","student.5046@university.edu",36
5047,"Gina","Wilson","student.5047@university.edu",37
5048,"Henry","Moore","student.5048@university.edu",38
5049,"Ivy","Taylor","student.5049@university.edu",39
5050,"Jack","Anderson","student.5050@university.edu",40
5051,"Alex","Smith","student.5051@university.edu",41
5052,"Ben","Jones","student.5052@university.edu",42
5053,"Casey","Williams","student.5053@university.edu",43
5054,"David","Brown","student.5054@university.edu",44
5055,"Emily","Davis","student.5055@university.edu",45
5056,"Frank","Miller","student.5056@university.edu",46
5057,"Gina","Wilson","student.5057@university.edu",47
5058,"Henry","Moore","student.5058@university.edu",48
5059,"Ivy","Taylor","student.5059@university.edu",49
5060,"Jack","Anderson","student.5060@university.edu",50
5061,"Alex","Smith","student.5061@university.edu",51
5062,"Ben","Jones","student.5062@university.edu",52
5063,"Casey","Williams","student.5063@university.edu",53
5064,"David","Brown","student.5064@university.edu",54
5065,"Emily","Davis","student.5065@university.edu",55
5066,"Frank","Miller","student.5066@university.edu",56
5067,"Gina","Wilson","student.5067@university.edu",57
5068,"Henry","Moore","student.5068@university.edu",58
5069,"Ivy","Taylor","student.5069@university.edu",59
5070,"Jack","Anderson","student.5070@university.edu",60
5071,"Alex","Smith","student.5071@university.edu",61
5072,"Ben","Jones","student.5072@university.edu",62
5073,"Casey","Williams","student.5073@university.edu",63
5074,"David","Brown","student.5074@university.edu",64
5075,"Emily","Davis","student.5075@university.edu",65
5076,"Frank","Miller","student.5076@university.edu",66
5077,"Gina","Wilson","student.5077@university.edu",67
5078,"Henry","Moore","student.5078@university.edu",68
5079,"Ivy","Taylor","student.5079@university.edu",69
5080,"Jack","Anderson","student.5080@university.edu",70
5081,"Alex","Smith","student.5081@university.edu",71
5082,"Ben","Jones","student.5082@university.edu",72
5083,"Casey","Williams","student.5083@university.edu",73
5084,"David","Brown","student.5084@university.edu",74
5085,"Emily","Davis","student.5085@university.edu",75
5086,"Frank","Miller","student.5086@university.edu",76
5087,"Gina","Wilson","student.5087@university.edu",77
5088,"Henry","Moore","student.5088@university.edu",78
5089,"Ivy","Taylor","student.5089@university.edu",79
5090,"Jack","Anderson","student.5090@university.edu",80
5091,"Alex","Smith","student.5091@university.edu",81
5092,"Ben","Jones","student.5092@university.edu",82
5093,"Casey","Williams","student.5093@university.edu",83
5094,"David","Brown","student.5094@university.edu",84
5095,"Emily","Davis","student.5095@university.edu",85
5096,"Frank","Miller","student.5096@university.edu",86
5097,"Gina","Wilson","student.5097@university.edu",87
5098,"Henry","Moore","student.5098@university.edu",88
5099,"Ivy","Taylor","student.5099@university.edu",89
5100,"Jack","Anderson","student.5100@university.edu",90
5101,"Alex","Smith","student.5101@university.edu",91
5102,"Ben","Jones","student.5102@university.edu",92
5103,"Casey","Williams","student.5103@university.edu",93
5104,"David","Brown","student.5104@university.edu",94
5105,"Emily","Davis","student.5105@university.edu",95
5106,"Frank","Miller","student.5106@university.edu",96
5107,"Gina","Wilson","student.5107@university.edu",97
5108,"Henry","Moore","student.5108@university.edu",98
5109,"Ivy","Taylor","student.5109@university.edu",99
5110,"Jack","Anderson","student.5110@university.edu",100
5111,"Alex","Smith","student.5111@university.edu",101
5112,"Ben","Jones","student.5112@university.edu",102
5113,"Casey","Williams","student.5113@university.edu",103
5114,"David","Brown","student.5114@university.edu",104
5115,"Emily","Davis","student.5115@university.edu",105
5116,"Frank","Miller","student.5116@university.edu",106
5117,"Gina","Wilson","student.5117@university.edu",107
5118,"Henry","Moore","student.5118@university.edu",108
5119,"Ivy","Taylor","student.5119@university.edu",109
5120,"Jack","Anderson","student.5120@university.edu",110
5121,"Alex","Smith","student.5121@university.edu",111
5122,"Ben","Jones","student.5122@university.edu",112
5123,"Casey","Williams","student.5123@university.edu",113
5124,"David","Brown","student.5124@university.edu",114
5125,"Emily","Davis","student.5125@university.edu",115
5126,"Frank","Miller","student.5126@university.edu",116
5127,"Gina","Wilson","student.5127@university.edu",117
5128,"Henry","Moore","student.5128@university.edu",118
5129,"Ivy","Taylor","student.5129@university.edu",119
5130,"Jack","Anderson","student.5130@university.edu",120
5131,"Alex","Smith","student.5131@university.edu",121
5132,"Ben","Jones","student.5132@university.edu",122
5133,"Casey","Williams","student.5133@university.edu",123
5134,"David","Brown","student.5134@university.edu",124
5135,"Emily","Davis","student.5135@university.edu",125
5136,"Frank","Miller","student.5136@university.edu",126
5137,"Gina","Wilson","student.5137@university.edu",127
5138,"Henry","Moore","student.5138@university.edu",128
5139,"Ivy","Taylor","student.5139@university.edu",129
5140,"Jack","Anderson","student.5140@university.edu",130
5141,"Alex","Smith","student.5141@university.edu",131
5142,"Ben","Jones","student.5142@university.edu",132
5143,"Casey","Williams","student.5143@university.edu",133
5144,"David","Brown","student.5144@university.edu",134
5145,"Emily","Davis","student.5145@university.edu",135
5146,"Frank","Miller","student.5146@university.edu",136
5147,"Gina","Wilson","student.5147@university.edu",137
5148,"Henry","Moore","student.5148@university.edu",138
5149,"Ivy","Taylor","student.5149@university.edu",139
5150,"Jack","Anderson","student.5150@university.edu",140
5151,"Alex","Smith","student.5151@university.edu",141
5152,"Ben","Jones","student.5152@university.edu",142
5153,"Casey","Williams","student.5153@university.edu",143
5154,"David","Brown","student.5154@university.edu",144
5155,"Emily","Davis","student.5155@university.edu",145
5156,"Frank","Miller","student.5156@university.edu",146
5157,"Gina","Wilson","student.5157@university.edu",147
5158,"Henry","Moore","student.5158@university.edu",148
5159,"Ivy","Taylor","student.5159@university.edu",149
5160,"Jack","Anderson","student.5160@university.edu",150
5161,"Alex","Smith","student.5161@university.edu",151
5162,"Ben","Jones","student.5162@university.edu",152
5163,"Casey","Williams","student.5163@university.edu",153
5164,"David","Brown","student.5164@university.edu",154
5165,"Emily","Davis","student.5165@university.edu",155
5166,"Frank","Miller","student.5166@university.edu",156
5167,"Gina","Wilson","student.5167@university.edu",157
5168,"Henry","Moore","student.5168@university.edu",158
5169,"Ivy","Taylor","student.5169@university.edu",159
5170,"Jack","Anderson","student.5170@university.edu",160
5171,"Alex","Smith","student.5171@university.edu",161
5172,"Ben","Jones","student.5172@university.edu",162
5173,"Casey","Williams","student.5173@university.edu",163
5174,"David","Brown","student.5174@university.edu",164
5175,"Emily","Davis","student.5175@university.edu",165
5176,"Frank","Miller","student.5176@university.edu",166
5177,"Gina","Wilson","student.5177@university.edu",167
5178,"Henry","Moore","student.5178@university.edu",168
5179,"Ivy","Taylor","student.5179@university.edu",169
5180,"Jack","Anderson","student.5180@university.edu",170
5181,"Alex","Smith","student.5181@university.edu",171
5182,"Ben","Jones","student.5182@university.edu",172
5183,"Casey","Williams","student.5183@university.edu",173
5184,"David","Brown","student.5184@university.edu",174
5185,"Emily","Davis","student.5185@university.edu",175
5186,"Frank","Miller","student.5186@university.edu",176
5187,"Gina","Wilson","student.5187@university.edu",177
5188,"Henry","Moore","student.5188@university.edu",178
5189,"Ivy","Taylor","student.5189@university.edu",179
5190,"Jack","Anderson","student.5190@university.edu",180
5191,"Alex","Smith","student.5191@university.edu",181
5192,"Ben","Jones","student.5192@university.edu",182
5193,"Casey","Williams","student.5193@university.edu",183
5194,"David","Brown","student.5194@university.edu",184
5195,"Emily","Davis","student.5195@university.edu",185
5196,"Frank","Miller","student.5196@university.edu",186
5197,"Gina","Wilson","student.5197@university.edu",187
5198,"Henry","Moore","student.5198@university.edu",188
5199,"Ivy","Taylor","student.5199@university.edu",189
5200,"Jack","Anderson","student.5200@university.edu",190
5201,"Alex","Smith","student.5201@university.edu",191
5202,"Ben","Jones","student.5202@university.edu",192
5203,"Casey","Williams","student.5203@university.edu",193
5204,"David","Brown","student.5204@university.edu",194
5205,"Emily","Davis","student.5205@university.edu",195
5206,"Frank","Miller","student.5206@university.edu",196
5207,"Gina","Wilson","student.5207@university.edu",197
5208,"Henry","Moore","student.5208@university.edu",198
5209,"Ivy","Taylor","student.5209@university.edu",199
5210,"Jack","Anderson","student.5210@university.edu",200
5212,"Ben","Jones","student.5212@university.edu",202
5213,"Casey","Williams","student.5213@university.edu",203
5214,"David","Brown","student.5214@university.edu",204
5215,"Emily","Davis","student.5215@university.edu",205
5216,"Frank","Miller","student.5216@university.edu",206
5217,"Gina","Wilson","student.5217@university.edu",207
5218,"Henry","Moore","student.5218@university.edu",208
5219,"Ivy","Taylor","student.5219@university.edu",209
5220,"Jack","Anderson","student.5220@university.edu",210
5221,"Alex","Smith","student.5221@university.edu",211
5222,"Ben","Jones","student.5222@university.edu",212
5223,"Casey","Williams","student.5223@university.edu",213
5224,"David","Brown","student.5224@university.edu",214
5225,"Emily","Davis","student.5225@university.edu",215
5226,"Frank","Miller","student.5226@university.edu",216
5227,"Gina","Wilson","student.5227@university.edu",217
5228,"Henry","Moore","student.5228@university.edu",218
5229,"Ivy","Taylor","student.5229@university.edu",219
5230,"Jack","Anderson","student.5230@university.edu",220
5231,"Alex","Smith","student.5231@university.edu",221
5232,"Ben","Jones","student.5232@university.edu",222
5233,"Casey","Williams","student.5233@university.edu",223
5234,"David","Brown","student.5234@university.edu",224
5235,"Emily","Davis","student.5235@university.edu",225
5236,"Frank","Miller","student.5236@university.edu",226
5237,"Gina","Wilson","student.5237@university.edu",227
5238,"Henry","Moore","student.5238@university.edu",228
5239,"Ivy","Taylor","student.5239@university.edu",229
5240,"Jack","Anderson","student.5240@university.edu",230
5241,"Alex","Smith","student.5241@university.edu",231
5242,"Ben","Jones","student.5242@university.edu",232
5243,"Casey","Williams","student.5243@university.edu",233
5244,"David","Brown","student.5244@university.edu",234
5245,"Emily","Davis","student.5245@university.edu",235
5246,"Frank","Miller","student.5246@university.edu",236
5247,"Gina","Wilson","student.5247@university.edu",237
5248,"Henry","Moore","student.5248@university.edu",238
5249,"Ivy","Taylor","student.5249@university.edu",239
5250,"Jack","Anderson","student.5250@university.edu",240
5251,"Alex","Smith","student.5251@university.edu",241
5252,"Ben","Jones","student.5252@university.edu",242
5253,"Casey","Williams","student.5253@university.edu",243
5254,"David","Brown","student.5254@university.edu",244
5255,"Emily","Davis","student.5255@university.edu",245
5256,"Frank","Miller","student.5256@university.edu",246
5257,"Gina","Wilson","student.5257@university.edu",247
5258,"Henry","Moore","student.5258@university.edu",248
5259,"Ivy","Taylor","student.5259@university.edu",249
5260,"Jack","Anderson","student.5260@university.edu",250
5261,"Alex","Smith","student.5261@university.edu",251
5262,"Ben","Jones","student.5262@university.edu",252
5263,"Casey","Williams","student.5263@university.edu",253
5264,"David","Brown","student.5264@university.edu",254
5265,"Emily","Davis","student.5265@university.edu",255
5266,"Frank","Miller","student.5266@university.edu",256
5267,"Gina","Wilson","student.5267@university.edu",257
5268,"Henry","Moore","student.5268@university.edu",258
5269,"Ivy","Taylor","student.5269@university.edu",259
5270,"Jack","Anderson","student.5270@university.edu",260
5271,"Alex","Smith","student.5271@university.edu",261
5272,"Ben","Jones","student.5272@university.edu",262
5273,"Casey","Williams","student.5273@university.edu",263
5274,"David","Brown","student.5274@university.edu",264
5275,"Emily","Davis","student.5275@university.edu",265
5276,"Frank","Miller","student.5276@university.edu",266
5277,"Gina","Wilson","student.5277@university.edu",267
5278,"Henry","Moore","student.5278@university.edu",268
5279,"Ivy","Taylor","student.5279@university.edu",269
5280,"Jack","Anderson","student.5280@university.edu",270
5281,"Alex","Smith","student.5281@university.edu",271
5282,"Ben","Jones","student.5282@university.edu",272
5283,"Casey","Williams","student.5283@university.edu",273
5284,"David","Brown","student.5284@university.edu",274
5285,"Emily","Davis","student.5285@university.edu",275
5286,"Frank","Miller","student.5286@university.edu",276
5287,"Gina","Wilson","student.5287@university.edu",277
5288,"Henry","Moore","student.5288@university.edu",278
5289,"Ivy","Taylor","student.5289@university.edu",279
5290,"Jack","Anderson","student.5290@university.edu",280
5291,"Alex","Smith","student.5291@university.edu",281
5292,"Ben","Jones","student.5292@university.edu",282
5293,"Casey","Williams","student.5293@university.edu",283
5294,"David","Brown","student.5294@university.edu",284
5295,"Emily","Davis","student.5295@university.edu",285
5296,"Frank","Miller","student.5296@university.edu",286
5297,"Gina","Wilson","student.5297@university.edu",287
5298,"Henry","Moore","student.5298@university.edu",288
5299,"Ivy","Taylor","student.5299@university.edu",289
5300,"Jack","Anderson","student.5300@university.edu",290
5301,"Alex","Smith","student.5301@university.edu",291
5302,"Ben","Jones","student.5302@university.edu",292
5303,"Casey","Williams","student.5303@university.edu",293
5304,"David","Brown","student.5304@university.edu",294
5305,"Emily","Davis","student.5305@university.edu",295
5306,"Frank","Miller","student.5306@university.edu",296
5307,"Gina","Wilson","student.5307@university.edu",297
5308,"Henry","Moore","student.5308@university.edu",298
5309,"Ivy","Taylor","student.5309@university.edu",299
5310,"Jack","Anderson","student.5310@university.edu",300
5311,"Alex","Smith","student.5311@university.edu",301
5312,"Ben","Jones","student.5312@university.edu",302
5313,"Casey","Williams","student.5313@university.edu",303
5314,"David","Brown","student.5314@university.edu",304
5315,"Emily","Davis","student.5315@university.edu",305
5316,"Frank","Miller","student.5316@university.edu",306
5317,"Gina","Wilson","student.5317@university.edu",307
5318,"Henry","Moore","student.5318@university.edu",308
5319,"Ivy","Taylor","student.5319@university.edu",309
5320,"Jack","Anderson","student.5320@university.edu",310
5321,"Alex","Smith","student.5321@university.edu",311
5322,"Ben","Jones","student.5322@university.edu",312
5323,"Casey","Williams","student.5323@university.edu",313
5324,"David","Brown","student.5324@university.edu",314
5325,"Emily","Davis","student.5325@university.edu",315
5326,"Frank","Miller","student.5326@university.edu",316
5327,"Gina","Wilson","student.5327@university.edu",317
5328,"Henry","Moore","student.5328@university.edu",318
5329,"Ivy","Taylor","student.5329@university.edu",319
5330,"Jack","Anderson","student.5330@university.edu",320
5331,"Alex","Smith","student.5331@university.edu",321
5332,"Ben","Jones","student.5332@university.edu",322
5333,"Casey","Williams","student.5333@university.edu",323
5334,"David","Brown","student.5334@university.edu",324
5335,"Emily","Davis","student.5335@university.edu",325
5336,"Frank","Miller","student.5336@university.edu",326
5337,"Gina","Wilson","student.5337@university.edu",327
5338,"Henry","Moore","student.5338@university.edu",328
5339,"Ivy","Taylor","student.5339@university.edu",329
5340,"Jack","Anderson","student.5340@university.edu",330
5341,"Alex","Smith","student.5341@university.edu",331
5342,"Ben","Jones","student.5342@university.edu",332
5343,"Casey","Williams","student.5343@university.edu",333
5344,"David","Brown","student.5344@university.edu",334
5345,"Emily","Davis","student.5345@university.edu",335
5346,"Frank","Miller","student.5346@university.edu",336
5347,"Gina","Wilson","student.5347@university.edu",337
5348,"Henry","Moore","student.5348@university.edu",338
5349,"Ivy","Taylor","student.5349@university.edu",339
5350,"Jack","Anderson","student.5350@university.edu",340
5351,"Alex","Smith","student.5351@university.edu",341
5352,"Ben","Jones","student.5352@university.edu",342
5353,"Casey","Williams","student.5353@university.edu",343
5354,"David","Brown","student.5354@university.edu",344
5355,"Emily","Davis","student.5355@university.edu",345
5356,"Frank","Miller","student.5356@university.edu",346
5357,"Gina","Wilson","student.5357@university.edu",347
5358,"Henry","Moore","student.5358@university.edu",348
5359,"Ivy","Taylor","student.5359@university.edu",349
5360,"Jack","Anderson","student.5360@university.edu",350
5361,"Alex","Smith","student.5361@university.edu",351
5362,"Ben","Jones","student.5362@university.edu",352
5363,"Casey","Williams","student.5363@university.edu",353
5364,"David","Brown","student.5364@university.edu",354
5365,"Emily","Davis","student.5365@university.edu",355
5366,"Frank","Miller","student.5366@university.edu",356
5367,"Gina","Wilson","student.5367@university.edu",357
5368,"Henry","Moore","student.5368@university.edu",358
5369,"Ivy","Taylor","student.5369@university.edu",359
5370,"Jack","Anderson","student.5370@university.edu",360
5371,"Alex","Smith","student.5371@university.edu",361
5372,"Ben","Jones","student.5372@university.edu",362
5373,"Casey","Williams","student.5373@university.edu",363
5374,"David","Brown","student.5374@university.edu",364
5375,"Emily","Davis","student.5375@university.edu",365
5376,"Frank","Miller","student.5376@university.edu",366
5377,"Gina","Wilson","student.5377@university.edu",367
5378,"Henry","Moore","student.5378@university.edu",368
5379,"Ivy","Taylor","student.5379@university.edu",369
5380,"Jack","Anderson","student.5380@university.edu",370
5381,"Alex","Smith","student.5381@university.edu",371
5382,"Ben","Jones","student.5382@university.edu",372
5383,"Casey","Williams","student.5383@university.edu",373
5384,"David","Brown","student.5384@university.edu",374
5385,"Emily","Davis","student.5385@university.edu",375
5386,"Frank","Miller","student.5386@university.edu",376
5387,"Gina","Wilson","student.5387@university.edu",377
5388,"Henry","Moore","student.5388@university.edu",378
5389,"Ivy","Taylor","student.5389@university.edu",379
5390,"Jack","Anderson","student.5390@university.edu",380
5391,"Alex","Smith","student.5391@university.edu",381
5392,"Ben","Jones","student.5392@university.edu",382
5393,"Casey","Williams","student.5393@university.edu",383
5394,"David","Brown","student.5394@university.edu",384
5395,"Emily","Davis","student.5395@university.edu",385
5396,"Frank","Miller","student.5396@university.edu",386
5397,"Gina","Wilson","student.5397@university.edu",387
5398,"Henry","Moore","student.5398@university.edu",388
5399,"Ivy","Taylor","student.5399@university.edu",389
5400,"Jack","Anderson","student.5400@university.edu",390
5401,"Alex","Smith","student.5401@university.edu",391
5402,"Ben","Jones","student.5402@university.edu",392
5403,"Casey","Williams","student.5403@university.edu",393
5404,"David","Brown","student.5404@university.edu",394
5405,"Emily","Davis","student.5405@university.edu",395
5406,"Frank","Miller","student.5406@university.edu",396
5407,"Gina","Wilson","student.5407@university.edu",397
5408,"Henry","Moore","student.5408@university.edu",398
5409,"Ivy","Taylor","student.5409@university.edu",399
5410,"Jack","Anderson","student.5410@university.edu",400
5411,"Alex","Smith","student.5411@university.edu",401
5412,"Ben","Jones","student.5412@university.edu",402
5413,"Casey","Williams","student.5413@university.edu",403
5414,"David","Brown","student.5414@university.edu",404
5415,"Emily","Davis","student.5415@university.edu",405
5416,"Frank","Miller","student.5416@university.edu",406
5417,"Gina","Wilson","student.5417@university.edu",407
5418,"Henry","Moore","student.5418@university.edu",408
5419,"Ivy","Taylor","student.5419@university.edu",409
5420,"Jack","Anderson","student.5420@university.edu",410
5421,"Alex","Smith","student.5421@university.edu",411
5422,"Ben","Jones","student.5422@university.edu",412
5423,"Casey","Williams","student.5423@university.edu",413
5424,"David","Brown","student.5424@university.edu",414
5425,"Emily","Davis","student.5425@university.edu",415
5426,"Frank","Miller","student.5426@university.edu",416
5427,"Gina","Wilson","student.5427@university.edu",417
5428,"Henry","Moore","student.5428@university.edu",418
5429,"Ivy","Taylor","student.5429@university.edu",419
5430,"Jack","Anderson","student.5430@university.edu",420
5431,"Alex","Smith","student.5431@university.edu",421
5432,"Ben","Jones","student.5432@university.edu",422
5433,"Casey","Williams","student.5433@university.edu",423
5434,"David","Brown","student.5434@university.edu",424
5435,"Emily","Davis","student.5435@university.edu",425
5436,"Frank","Miller","student.5436@university.edu",426
5437,"Gina","Wilson","student.5437@university.edu",427
5438,"Henry","Moore","student.5438@university.edu",428
5439,"Ivy","Taylor","student.5439@university.edu",429
5440,"Jack","Anderson","student.5440@university.edu",430
5441,"Alex","Smith","student.5441@university.edu",431
5442,"Ben","Jones","student.5442@university.edu",432
5443,"Casey","Williams","student.5443@university.edu",433
5444,"David","Brown","student.5444@university.edu",434
5445,"Emily","Davis","student.5445@university.edu",435
5446,"Frank","Miller","student.5446@university.edu",436
5447,"Gina","Wilson","student.5447@university.edu",437
5448,"Henry","Moore","student.5448@university.edu",438
5449,"Ivy","Taylor","student.5449@university.edu",439
5450,"Jack","Anderson","student.5450@university.edu",440
5451,"Alex","Smith","student.5451@university.edu",441
5452,"Ben","Jones","student.5452@university.edu",442
5453,"Casey","Williams","student.5453@university.edu",443
5454,"David","Brown","student.5454@university.edu",444
5455,"Emily","Davis","student.5455@university.edu",445
5456,"Frank","Miller","student.5456@university.edu",446
5457,"Gina","Wilson","student.5457@university.edu",447
5458,"Henry","Moore","student.5458@university.edu",448
5459,"Ivy","Taylor","student.5459@university.edu",449
5460,"Jack","Anderson","student.5460@university.edu",450
5461,"Alex","Smith","student.5461@university.edu",451
5462,"Ben","Jones","student.5462@university.edu",452
5463,"Casey","Williams","student.5463@university.edu",453
5464,"David","Brown","student.5464@university.edu",454
5465,"Emily","Davis","student.5465@university.edu",455
5466,"Frank","Miller","student.5466@university.edu",456
5467,"Gina","Wilson","student.5467@university.edu",457
5468,"Henry","Moore","student.5468@university.edu",458
5469,"Ivy","Taylor","student.5469@university.edu",459
5470,"Jack","Anderson","student.5470@university.edu",460
5471,"Alex","Smith","student.5471@university.edu",461
5472,"Ben","Jones","student.5472@university.edu",462
5473,"Casey","Williams","student.5473@university.edu",463
5474,"David","Brown","student.5474@university.edu",464
5475,"Emily","Davis","student.5475@university.edu",465
5476,"Frank","Miller","student.5476@university.edu",466
5477,"Gina","Wilson","student.5477@university.edu",467
5478,"Henry","Moore","student.5478@university.edu",468
5479,"Ivy","Taylor","student.5479@university.edu",469
5480,"Jack","Anderson","student.5480@university.edu",470
5481,"Alex","Smith","student.5481@university.edu",471
5482,"Ben","Jones","student.5482@university.edu",472
5483,"Casey","Williams","student.5483@university.edu",473
5484,"David","Brown","student.5484@university.edu",474
5485,"Emily","Davis","student.5485@university.edu",475
5486,"Frank","Miller","student.5486@university.edu",476
5487,"Gina","Wilson","student.5487@university.edu",477
5488,"Henry","Moore","student.5488@university.edu",478
5489,"Ivy","Taylor","student.5489@university.edu",479
5490,"Jack","Anderson","student.5490@university.edu",480
5491,"Alex","Smith","student.5491@university.edu",481
5492,"Ben","Jones","student.5492@university.edu",482
5493,"Casey","Williams","student.5493@university.edu",483
5494,"David","Brown","student.5494@university.edu",484
5495,"Emily","Davis","student.5495@university.edu",485
5496,"Frank","Miller","student.5496@university.edu",486
5497,"Gina","Wilson","student.5497@university.edu",487
5498,"Henry","Moore","student.5498@university.edu",488
5499,"Ivy","Taylor","student.5499@university.edu",489
5500,"Jack","Anderson","student.5500@university.edu",490
5501,"Alex","Smith","student.5501@university.edu",491
5502,"Ben","Jones","student.5502@university.edu",492
5503,"Casey","Williams","student.5503@university.edu",493
5504,"David","Brown","student.5504@university.edu",494
5505,"Emily","Davis","student.5505@university.edu",495
5506,"Frank","Miller","student.5506@university.edu",496
5507,"Gina","Wilson","student.5507@university.edu",497
5508,"Henry","Moore","student.5508@university.edu",498
5509,"Ivy","Taylor","student.5509@university.edu",499
5510,"Jack","Anderson","student.5510@university.edu",500
5511,"Alex","Smith","student.5511@university.edu",1
5512,"Ben","Jones","student.5512@university.edu",2
5513,"Casey","Williams","student.5513@university.edu",3
5514,"David","Brown","student.5514@university.edu",4
5515,"Emily","Davis","student.5515@university.edu",5
5516,"Frank","Miller","student.5516@university.edu",6
5517,"Gina","Wilson","student.5517@university.edu",7
5518,"Henry","Moore","student.5518@university.edu",8
5519,"Ivy","Taylor","student.5519@university.edu",9
5520,"Jack","Anderson","student.5520@university.edu",10
5521,"Alex","Smith","student.5521@university.edu",11
5522,"Ben","Jones","student.5522@university.edu",12
5523,"Casey","Williams","student.5523@university.edu",13
5524,"David","Brown","student.5524@university.edu",14
5525,"Emily","Davis","student.5525@university.edu",15
5526,"Frank","Miller","student.5526@university.edu",16
5527,"Gina","Wilson","student.5527@university.edu",17
5528,"Henry","Moore","student.5528@university.edu",18
5529,"Ivy","Taylor","student.5529@university.edu",19
5530,"Jack","Anderson","student.5530@university.edu",20
5531,"Alex","Smith","student.5531@university.edu",21
5532,"Ben","Jones","student.5532@university.edu",22
5533,"Casey","Williams","student.5533@university.edu",23
5534,"David","Brown","student.5534@university.edu",24
5535,"Emily","Davis","student.5535@university.edu",25
5536,"Frank","Miller","student.5536@university.edu",26
5537,"Gina","Wilson","student.5537@university.edu",27
5538,"Henry","Moore","student.5538@university.edu",28
5539,"Ivy","Taylor","student.5539@university.edu",29
5540,"Jack","Anderson","student.5540@university.edu",30
5541,"Alex","Smith","student.5541@university.edu",31
5542,"Ben","Jones","student.5542@university.edu",32
5543,"Casey","Williams","student.5543@university.edu",33
5544,"David","Brown","student.5544@university.edu",34
5545,"Emily","Davis","student.5545@university.edu",35
5546,"Frank","Miller","student.5546@university.edu",36
5547,"Gina","Wilson","student.5547@university.edu",37
5548,"Henry","Moore","student.5548@university.edu",38
5549,"Ivy","Taylor","student.5549@university.edu",39
5550,"Jack","Anderson","student.5550@university.edu",40
5551,"Alex","Smith","student.5551@university.edu",41
5552,"Ben","Jones","student.5552@university.edu",42
5553,"Casey","Williams","student.5553@university.edu",43
5554,"David","Brown","student.5554@university.edu",44
5555,"Emily","Davis","student.5555@university.edu",45
5556,"Frank","Miller","student.5556@university.edu",46
5557,"Gina","Wilson","student.5557@university.edu",47
5558,"Henry","Moore","student.5558@university.edu",48
5559,"Ivy","Taylor","student.5559@university.edu",49
5560,"Jack","Anderson","student.5560@university.edu",50
5561,"Alex","Smith","student.5561@university.edu",51
5562,"Ben","Jones","student.5562@university.edu",52
5563,"Casey","Williams","student.5563@university.edu",53
5564,"David","Brown","student.5564@university.edu",54
5565,"Emily","Davis","student.5565@university.edu",55
5566,"Frank","Miller","student.5566@university.edu",56
5567,"Gina","Wilson","student.5567@university.edu",57
5568,"Henry","Moore","student.5568@university.edu",58
5569,"Ivy","Taylor","student.5569@university.edu",59
5570,"Jack","Anderson","student.5570@university.edu",60
5571,"Alex","Smith","student.5571@university.edu",61
5572,"Ben","Jones","student.5572@university.edu",62
5573,"Casey","Williams","student.5573@university.edu",63
5574,"David","Brown","student.5574@university.edu",64
5575,"Emily","Davis","student.5575@university.edu",65
5576,"Frank","Miller","student.5576@university.edu",66
5577,"Gina","Wilson","student.5577@university.edu",67
5578,"Henry","Moore","student.5578@university.edu",68
5579,"Ivy","Taylor","student.5579@university.edu",69
5580,"Jack","Anderson","student.5580@university.edu",70
5581,"Alex","Smith","student.5581@university.edu",71
5582,"Ben","Jones","student.5582@university.edu",72
5583,"Casey","Williams","student.5583@university.edu",73
5584,"David","Brown","student.5584@university.edu",74
5585,"Emily","Davis","student.5585@university.edu",75
5586,"Frank","Miller","student.5586@university.edu",76
5587,"Gina","Wilson","student.5587@university.edu",77
5588,"Henry","Moore","student.5588@university.edu",78
5589,"Ivy","Taylor","student.5589@university.edu",79
5590,"Jack","Anderson","student.5590@university.edu",80
5591,"Alex","Smith","student.5591@university.edu",81
5592,"Ben","Jones","student.5592@university.edu",82
5593,"Casey","Williams","student.5593@university.edu",83
5594,"David","Brown","student.5594@university.edu",84
5595,"Emily","Davis","student.5595@university.edu",85
5596,"Frank","Miller","student.5596@university.edu",86
5597,"Gina","Wilson","student.5597@university.edu",87
5598,"Henry","Moore","student.5598@university.edu",88
5599,"Ivy","Taylor","student.5599@university.edu",89
5600,"Jack","Anderson","student.5600@university.edu",90
5601,"Alex","Smith","student.5601@university.edu",91
5602,"Ben","Jones","student.5602@university.edu",92
5603,"Casey","Williams","student.5603@university.edu",93
5604,"David","Brown","student.5604@university.edu",94
5605,"Emily","Davis","student.5605@university.edu",95
5606,"Frank","Miller","student.5606@university.edu",96
5607,"Gina","Wilson","student.5607@university.edu",97
5608,"Henry","Moore","student.5608@university.edu",98
5609,"Ivy","Taylor","student.5609@university.edu",99
5610,"Jack","Anderson","student.5610@university.edu",100
5611,"Alex","Smith","student.5611@university.edu",101
5612,"Ben","Jones","student.5612@university.edu",102
5613,"Casey","Williams","student.5613@university.edu",103
5614,"David","Brown","student.5614@university.edu",104
5615,"Emily","Davis","student.5615@university.edu",105
5616,"Frank","Miller","student.5616@university.edu",106
5617,"Gina","Wilson","student.5617@university.edu",107
5618,"Henry","Moore","student.5618@university.edu",108
5619,"Ivy","Taylor","student.5619@university.edu",109
5620,"Jack","Anderson","student.5620@university.edu",110
5621,"Alex","Smith","student.5621@university.edu",111
5622,"Ben","Jones","student.5622@university.edu",112
5623,"Casey","Williams","student.5623@university.edu",113
5624,"David","Brown","student.5624@university.edu",114
5625,"Emily","Davis","student.5625@university.edu",115
5626,"Frank","Miller","student.5626@university.edu",116
5627,"Gina","Wilson","student.5627@university.edu",117
5628,"Henry","Moore","student.5628@university.edu",118
5629,"Ivy","Taylor","student.5629@university.edu",119
5630,"Jack","Anderson","student.5630@university.edu",120
5631,"Alex","Smith","student.5631@university.edu",121
5632,"Ben","Jones","student.5632@university.edu",122
5633,"Casey","Williams","student.5633@university.edu",123
5634,"David","Brown","student.5634@university.edu",124
5635,"Emily","Davis","student.5635@university.edu",125
5636,"Frank","Miller","student.5636@university.edu",126
5637,"Gina","Wilson","student.5637@university.edu",127
5638,"Henry","Moore","student.5638@university.edu",128
5639,"Ivy","Taylor","student.5639@university.edu",129
5640,"Jack","Anderson","student.5640@university.edu",130
5641,"Alex","Smith","student.5641@university.edu",131
5642,"Ben","Jones","student.5642@university.edu",132
5643,"Casey","Williams","student.5643@university.edu",133
5644,"David","Brown","student.5644@university.edu",134
5645,"Emily","Davis","student.5645@university.edu",135
5646,"Frank","Miller","student.5646@university.edu",136
5647,"Gina","Wilson","student.5647@university.edu",137
5648,"Henry","Moore","student.5648@university.edu",138
5649,"Ivy","Taylor","student.5649@university.edu",139
5650,"Jack","Anderson","student.5650@university.edu",140
5651,"Alex","Smith","student.5651@university.edu",141
5652,"Ben","Jones","student.5652@university.edu",142
5653,"Casey","Williams","student.5653@university.edu",143
5654,"David","Brown","student.5654@university.edu",144
5655,"Emily","Davis","student.5655@university.edu",145
5656,"Frank","Miller","student.5656@university.edu",146
5657,"Gina","Wilson","student.5657@university.edu",147
5658,"Henry","Moore","student.5658@university.edu",148
5659,"Ivy","Taylor","student.5659@university.edu",149
5660,"Jack","Anderson","student.5660@university.edu",150
5661,"Alex","Smith","student.5661@university.edu",151
5662,"Ben","Jones","student.5662@university.edu",152
5663,"Casey","Williams","student.5663@university.edu",153
5664,"David","Brown","student.5664@university.edu",154
5665,"Emily","Davis","student.5665@university.edu",155
5666,"Frank","Miller","student.5666@university.edu",156
5667,"Gina","Wilson","student.5667@university.edu",157
5668,"Henry","Moore","student.5668@university.edu",158
5669,"Ivy","Taylor","student.5669@university.edu",159
5670,"Jack","Anderson","student.5670@university.edu",160
5671,"Alex","Smith","student.5671@university.edu",161
5672,"Ben","Jones","student.5672@university.edu",162
5673,"Casey","Williams","student.5673@university.edu",163
5674,"David","Brown","student.5674@university.edu",164
5675,"Emily","Davis","student.5675@university.edu",165
5676,"Frank","Miller","student.5676@university.edu",166
5677,"Gina","Wilson","student.5677@university.edu",167
5678,"Henry","Moore","student.5678@university.edu",168
5679,"Ivy","Taylor","student.5679@university.edu",169
5680,"Jack","Anderson","student.5680@university.edu",170
5681,"Alex","Smith","student.5681@university.edu",171
5682,"Ben","Jones","student.5682@university.edu",172
5683,"Casey","Williams","student.5683@university.edu",173
5684,"David","Brown","student.5684@university.edu",174
5685,"Emily","Davis","student.5685@university.edu",175
5686,"Frank","Miller","student.5686@university.edu",176
5687,"Gina","Wilson","student.5687@university.edu",177
5688,"Henry","Moore","student.5688@university.edu",178
5689,"Ivy","Taylor","student.5689@university.edu",179
5690,"Jack","Anderson","student.5690@university.edu",180
5691,"Alex","Smith","student.5691@university.edu",181
5692,"Ben","Jones","student.5692@university.edu",182
5693,"Casey","Williams","student.5693@university.edu",183
5694,"David","Brown","student.5694@university.edu",184
5695,"Emily","Davis","student.5695@university.edu",185
5696,"Frank","Miller","student.5696@university.edu",186
5697,"Gina","Wilson","student.5697@university.edu",187
5698,"Henry","Moore","student.5698@university.edu",188
5699,"Ivy","Taylor","student.5699@university.edu",189
5700,"Jack","Anderson","student.5700@university.edu",190
5701,"Alex","Smith","student.5701@university.edu",191
5702,"Ben","Jones","student.5702@university.edu",192
5703,"Casey","Williams","student.5703@university.edu",193
5704,"David","Brown","student.5704@university.edu",194
5705,"Emily","Davis","student.5705@university.edu",195
5706,"Frank","Miller","student.5706@university.edu",196
5707,"Gina","Wilson","student.5707@university.edu",197
5708,"Henry","Moore","student.5708@university.edu",198
5709,"Ivy","Taylor","student.5709@university.edu",199
5710,"Jack","Anderson","student.5710@university.edu",200
5711,"Alex","Smith","student.5711@university.edu",205
5712,"Ben","Jones","student.5712@university.edu",202
5713,"Casey","Williams","student.5713@university.edu",203
5714,"David","Brown","student.5714@university.edu",204
5715,"Emily","Davis","student.5715@university.edu",205
5716,"Frank","Miller","student.5716@university.edu",206
5717,"Gina","Wilson","student.5717@university.edu",207
5718,"Henry","Moore","student.5718@university.edu",208
5719,"Ivy","Taylor","student.5719@university.edu",209
5720,"Jack","Anderson","student.5720@university.edu",210
5721,"Alex","Smith","student.5721@university.edu",211
5722,"Ben","Jones","student.5722@university.edu",212
5723,"Casey","Williams","student.5723@university.edu",213
5724,"David","Brown","student.5724@university.edu",214
5725,"Emily","Davis","student.5725@university.edu",215
5726,"Frank","Miller","student.5726@university.edu",216
5727,"Gina","Wilson","student.5727@university.edu",217
5728,"Henry","Moore","student.5728@university.edu",218
5729,"Ivy","Taylor","student.5729@university.edu",219
5730,"Jack","Anderson","student.5730@university.edu",220
5731,"Alex","Smith","student.5731@university.edu",221
5732,"Ben","Jones","student.5732@university.edu",222
5733,"Casey","Williams","student.5733@university.edu",223
5734,"David","Brown","student.5734@university.edu",224
5735,"Emily","Davis","student.5735@university.edu",225
5736,"Frank","Miller","student.5736@university.edu",226
5737,"Gina","Wilson","student.5737@university.edu",227
5738,"Henry","Moore","student.5738@university.edu",228
5739,"Ivy","Taylor","student.5739@university.edu",229
5740,"Jack","Anderson","student.5740@university.edu",230
5741,"Alex","Smith","student.5741@university.edu",231
5742,"Ben","Jones","student.5742@university.edu",232
5743,"Casey","Williams","student.5743@university.edu",233
5744,"David","Brown","student.5744@university.edu",234
5745,"Emily","Davis","student.5745@university.edu",235
5746,"Frank","Miller","student.5746@university.edu",236
5747,"Gina","Wilson","student.5747@university.edu",237
5748,"Henry","Moore","student.5748@university.edu",238
5749,"Ivy","Taylor","student.5749@university.edu",239
5750,"Jack","Anderson","student.5750@university.edu",240
5751,"Alex","Smith","student.5751@university.edu",241
5752,"Ben","Jones","student.5752@university.edu",242
5753,"Casey","Williams","student.5753@university.edu",243
5754,"David","Brown","student.5754@university.edu",244
5755,"Emily","Davis","student.5755@university.edu",245
5756,"Frank","Miller","student.5756@university.edu",246
5757,"Gina","Wilson","student.5757@university.edu",247
5758,"Henry","Moore","student.5758@university.edu",248
5759,"Ivy","Taylor","student.5759@university.edu",249
5760,"Jack","Anderson","student.5760@university.edu",250
5761,"Alex","Smith","student.5761@university.edu",251
5762,"Ben","Jones","student.5762@university.edu",252
5763,"Casey","Williams","student.5763@university.edu",253
5764,"David","Brown","student.5764@university.edu",254
5765,"Emily","Davis","student.5765@university.edu",255
5766,"Frank","Miller","student.5766@university.edu",256
5767,"Gina","Wilson","student.5767@university.edu",257
5768,"Henry","Moore","student.5768@university.edu",258
5769,"Ivy","Taylor","student.5769@university.edu",259
5770,"Jack","Anderson","student.5770@university.edu",260
5771,"Alex","Smith","student.5771@university.edu",261
5772,"Ben","Jones","student.5772@university.edu",262
5773,"Casey","Williams","student.5773@university.edu",263
5774,"David","Brown","student.5774@university.edu",264
5775,"Emily","Davis","student.5775@university.edu",265
5776,"Frank","Miller","student.5776@university.edu",266
5777,"Gina","Wilson","student.5777@university.edu",267
5778,"Henry","Moore","student.5778@university.edu",268
5779,"Ivy","Taylor","student.5779@university.edu",269
5780,"Jack","Anderson","student.5780@university.edu",270
5781,"Alex","Smith","student.5781@university.edu",271
5782,"Ben","Jones","student.5782@university.edu",272
5783,"Casey","Williams","student.5783@university.edu",273
5784,"David","Brown","student.5784@university.edu",274
5785,"Emily","Davis","student.5785@university.edu",275
5786,"Frank","Miller","student.5786@university.edu",276
5787,"Gina","Wilson","student.5787@university.edu",277
5788,"Henry","Moore","student.5788@university.edu",278
5789,"Ivy","Taylor","student.5789@university.edu",279
5790,"Jack","Anderson","student.5790@university.edu",280
5791,"Alex","Smith","student.5791@university.edu",281
5792,"Ben","Jones","student.5792@university.edu",282
5793,"Casey","Williams","student.5793@university.edu",283
5794,"David","Brown","student.5794@university.edu",284
5795,"Emily","Davis","student.5795@university.edu",285
5796,"Frank","Miller","student.5796@university.edu",286
5797,"Gina","Wilson","student.5797@university.edu",287
5798,"Henry","Moore","student.5798@university.edu",288
5799,"Ivy","Taylor","student.5799@university.edu",289
5800,"Jack","Anderson","student.5800@university.edu",290
5801,"Alex","Smith","student.5801@university.edu",291
5802,"Ben","Jones","student.5802@university.edu",292
5803,"Casey","Williams","student.5803@university.edu",293
5804,"David","Brown","student.5804@university.edu",294
5805,"Emily","Davis","student.5805@university.edu",295
5806,"Frank","Miller","student.5806@university.edu",296
5807,"Gina","Wilson","student.5807@university.edu",297
5808,"Henry","Moore","student.5808@university.edu",298
5809,"Ivy","Taylor","student.5809@university.edu",299
5810,"Jack","Anderson","student.5810@university.edu",300
